workerid,prolific_participant_id
239,5d30f9dfc86fc70001907dfa
213,5f51530ebc50f53857d60824
165,5ea327ba59f5e91082bc9f8b
58,5a772885000dab00018c15ce
222,5b2f2c586d601d0001d5cd73
240,5f1df9eaa8276932a169dc9a
87,5781c15381f331000139a89e
79,5f4eccea90113011962c0cd6
162,5cd068a83b44a700164e9933
101,5e46bda46041fc18bf68996f
45,5ad37792b438910001aca81e
181,5d48a344f35485001be763be
227,5eecf1bd4c5f9a0e22b7485b
63,5de418b0b7713041368169b3
157,58c3a8c1b101a70001293790
65,5e4c40c495fca1000d893735
108,5a8c8f4e0f1bce00012262f1
132,5e7f73f9e204170009350a16
210,5dacef84329816001404c0bb
62,5f4005f26be5eb0e4c7d8d7b
59,5c05ba6d3828d50001f2b970
231,5d2fd8d07cbb710001a12e52
66,5e9389d87d6dc1078fe0ebee
43,5c1116ab2b16ba0001c8885e
54,5c3056c489f0350001766df3
93,5c33a9087e2d35000168f528
110,5c3b4be6f5ebd500018567ff
80,5bd65a064b4f9e00011364d8
64,58a5d58bb2a7180001f061d4
145,5826810e8cba990001adf0b0
147,5ef78f819d93424af2af742b
241,53987712fdf99b68e3a45021
153,5f3af0d80bf2cb7a4b024a91
72,5da78af945f7b300160dd120
208,597a66525ea29d000126efbe
178,5adcefb65f327e0001fb4c05
94,5e7e89cc4fd114104a39fb88
179,5efa5ee9526cb014da183efe
177,5ec5bc0d67509863794d2b32
212,5f9c2e934474e20846e1909c
88,5f03841dfbf1c72ca46e8cc6
127,5f8bb3a1eb9d442f36abe7d9
205,5739ffce67421f000f1913d9
34,5e8e01b6835f3608583cd894
131,5f70dc214d5f9b6e4a11ee48
99,5dcf6037b103ee09ffb24ad9
152,5f34254b16dac32cb8474a41
183,5e7a79d3aae916024a7ae24c
209,5c910c77873e3b001575b95b
118,5e6cbcbc4b1e3727b86b6327
193,5f53dead05affe7282b9d1e5
216,576d2a441a48240001867bc7
81,5f396bc1a1a8740c2e13eb54
96,56f35668d70ab4000c682c5e
95,5f9c99dc06f5f916e9547c10
104,5d76a776f6630c0018431c01
243,5e52badf0404892c7ef5a0bc
115,58f7cdd4c31d4d00015aac83
124,5e6a610ab80986011a2bafa8
70,5e72575a104c0f0813406d9e
90,5e3b89a10d41ad3a7bc35011
75,5e9c8a7c729aef1b581ee794
154,5c523d16102de10001022098
170,5ebca8441a2b811012a6d659
189,5f2dc0823d736d0f81069b93
133,583db8742b21bf0001016d1b
109,5ed656215cd39c0643896afb
187,5fa96fb6e3852410686cec92
234,5f15f2a9eeada712d2014314
89,5f95e802e656424a3433662c
52,5beb85a3af0b33000111304a
217,5dfbc3a1946e978e69d8e586
150,5f4b9fc8586c807675cb0972
60,5a9416ba6475f900019fa690
41,5cbf40e256e0b40017a60d2f
68,5886d67b3e1f290001aa7529
122,5f0b25970238fd416ca91f5e
202,5fb8af50a743f360bb0ecb51
195,5e56b9744c97910670a6c6dc
226,5e8f945fe502b12914ae7600
91,5c4021e8c2d0b700017d145f
220,5d504197f279ae000195bb85
84,5d35e5bdf2ccc00018d0eea5
151,5c7fe44493cdce00160ae08a
215,5ddc3d39fce606ba6f9e1fa4
196,5ca63ed00b3b360001808a39
235,5abc517c1667e40001d80d68
73,5f0a324200d38730124b0b34
190,5f2de3d56e246712d178abbd
126,5ba10ee370181f00014992fa
46,5be930405b7ff700013c5ecd
100,5f281784d9a5f008e565d426
242,5ed1443918f6bd07449d88a5
166,5f4000a47ed89c0e7f2e3760
186,5c70852d7826350001565ce4
172,5eaefec7c1324e5def56caf8
230,57af9cdda169b50001a434e3
92,5e3e01d5194a5607f3335fa3
106,5d3f4ccd192f3200177cae8f
42,5ea2117deebbed11d8721c49
199,5ed4789b727ce2437dc974c0
141,5e794f94cd742b5121734d4c
56,5ea6fb2de0fcb0076213b6fe
98,5b0739faa84dcf0001bef230
40,5bdc5b74c562d50001a6bb95
36,5eb7f0fca7371b02f1012151
223,5deaf334789cb321c7f002c2
117,5f6dc2d7fa66e824dbf70d24
116,5f04cc96ebb486133d5df0a4
158,5de83f3b3aa615000a41f831
114,5b66ce776f0d0400010d678d
225,54b13343fdf99b6f84cedf7a
168,5c8f924dbd496e0012a84583
76,5ddd7db419eecbce5c2dbc6f
211,5e85169ea2045c112c5e02b9
82,5d2fe93eb2cfe00015231975
167,5f12264477e2150008d329fc
57,5f2710623af4eb0aea4cfa15
149,5d1a5299781673001b8d3c9b
61,5ec953cd112f55078e67bf78
86,5db72ba3ae256f000d56c96b
32,5c0ef15265217a00014ef2bd
44,5a61207cc0d8360001078f07
97,5dd3e852b988873c617cd21a
148,5b1962c551d4eb0001bf968b
185,5f55041af3459e896379d3b4
140,5f6d30df91ab0019d8df6cad
135,5a10ab0a120fb300019496f4
219,5731410e070de6000842cf61
78,5d6154674e8d090017ab2965
85,5eb192fcbb01520b5cae89ee
48,5f9376cd725acb15ed59a6f2
155,5d6048d1a57d77001e8950e1
160,5efd4c31f2d6f818d719f948
83,5af23d2c5847970001e34be4
33,5f6beb23f626591663e1a910
159,5c48d9b3cd853b0001287890
102,55be9292fdf99b4c861994d8
163,5d14de777091ed0015774f0f
39,5f629017c287bf310dca37dc
55,58eebeda52ac63000154a5e2
137,5eebeeca01b1dc3dc83ec79a
192,5acb7b0ae1099600016acdd6
119,57587b29713d8400061730e4
194,5be8de2ed3560900015c743a
129,5bbb88c3a748360001944760
142,5ded91dac3aca145654c39cf
35,5d19ec7e1a4be7001a637893
198,5abc50b2f69e940001d92a87
204,5f6e7ce18d7ea83c39acc2d5
67,5ec442696653b312043e3e3a
180,55ac22cafdf99b6de2fa7ee2
161,5f0fab5abdec9a1aff2b2744
175,5ec738ce3c7fd317a72dcfe6
232,5f95f9069d2e8d1392f43c1b
136,5f9e394bfc6fc63e6317cf9f
229,5d65515bd08d610001eb40a6
182,5f8e3f6a1a1f4421715a2879
143,5d130227a271e4001a743702
50,5e4085c59eec8d2c93937bff
221,5f805b5083d6c606c56d7cbd
69,5f0cde094a11b51bd69bb67e
112,5f14ec973c6e2c5783187efa
197,5d510396f6725b001a4fc025
184,573348527d01ed000f8f1615
201,5f2eebd9d21e322a9ed68f09
237,5f6ac3c2101e6706e59519c4
236,5a08c9a7f2e3460001edb063
37,5efc92ff0352d10480e02cdc
53,5e4b25cbf84506045f08e966
169,5f84c1dac4ba4f17dd074ded
107,5e59f8caeeb2101feb56f310
51,5dc0ab15e4f0ff0556494842
207,5f6553322cb2880be0850e57
113,5eebe4e6e61002183aec9b70
156,5afcbbb559ae1e00017e4ccf
171,5b6cd50f9ee1a50001c5f481
146,5f6cbda95db5f50af6ca7772
139,5f4e786b08d145055962a9b8
130,5aeb607d7ed5460001572e1a
188,5f53c46d4e91946fbc98b56b
214,5f5a5916d66aea0e98ed1554
228,5dd33fa5cf8e7e354f9f27fa
123,56875435369319000c26947d
144,5ee28390402f7d77594514df
191,5eddaaaeb2a4d6ab5be32a02
200,5589be79fdf99b18be320155
128,5f4fe39218bf9a11698e006c
238,5fbddc4cf2345e000a9e867c
176,577f70d1454e5400015f1845
77,56f2a49ced0cf600069131cd
71,5f4efbf90b8cc113d26921a4
224,5f04ca4594097c7aa0afff6c
203,5e35e8505aa70059ea6edbcf
120,5f9ebe0aef3e674711654bab
121,5e5323c8c9f6063449ad9f00
49,5e9a90794a7e88127a8fe01e
74,5e70e4309b339b03acc24159
125,5f74d6c068bdab108f9bf7cd
103,5d815e721b21d900014041e1
